TimeUTC,timestampInMs,requestPath,requestMethod,requestQueryString,responseStatusCode,requestId,requestUserAgent,level,environment,branch,vercelCache,type,function,host,deploymentDomain,deploymentId,durationMs,region,maxMemoryUsed,memorySize,message,projectId,traceId,sessionId,invocationId,instanceId,concurrency
2026-03-19 14:55:38,1773932138717,allstarpestkc.com/,GET,,200,xl566-1773932138717-d9609b5e8270,"Mozilla/5.0 (iPhone; CPU iPhone OS 13_2_3 like Mac OS X) AppleWebKit/605.1.15 (KHTML, like Gecko) Version/13.0.3 Mobile/15E148 Safari/604.1",,production,main,HIT,static,/,allstarpestkc.com,allstar-website-ggyl7caum-joe-cusics-projects.vercel.app,dpl_3NJcNUAYGKtDatBhb2ZkFoNECMvb,359,sfo1,,,,prj_LxLh401DeFc3l3bpj7FJERcTUl0a,,,,,
2026-03-19 14:46:23,1773931583837,allstar-website-ggyl7caum-joe-cusics-projects.vercel.app/commercial,GET,_rsc=19zvn,304,dgllz-1773931583837-bfab4d526c1a,"Mozilla/5.0 (Windows NT 10.0; Win64; x64) AppleWebKit/537.36 (KHTML, like Gecko) Chrome/146.0.0.0 Safari/537.36",,production,main,HIT,static,/commercial,allstar-website-ggyl7caum-joe-cusics-projects.vercel.app,allstar-website-ggyl7caum-joe-cusics-projects.vercel.app,dpl_3NJcNUAYGKtDatBhb2ZkFoNECMvb,,cle1,,,,prj_LxLh401DeFc3l3bpj7FJERcTUl0a,,,,,
2026-03-19 14:46:23,1773931583835,allstar-website-ggyl7caum-joe-cusics-projects.vercel.app/contact,GET,_rsc=19zvn,304,96cxs-1773931583835-8d64349a1937,"Mozilla/5.0 (Windows NT 10.0; Win64; x64) AppleWebKit/537.36 (KHTML, like Gecko) Chrome/146.0.0.0 Safari/537.36",,production,main,HIT,static,/contact,allstar-website-ggyl7caum-joe-cusics-projects.vercel.app,allstar-website-ggyl7caum-joe-cusics-projects.vercel.app,dpl_3NJcNUAYGKtDatBhb2ZkFoNECMvb,,cle1,,,,prj_LxLh401DeFc3l3bpj7FJERcTUl0a,,,,,
2026-03-19 14:46:23,1773931583835,allstar-website-ggyl7caum-joe-cusics-projects.vercel.app/residential,GET,_rsc=19zvn,304,88j6x-1773931583835-3e06f4599b1a,"Mozilla/5.0 (Windows NT 10.0; Win64; x64) AppleWebKit/537.36 (KHTML, like Gecko) Chrome/146.0.0.0 Safari/537.36",,production,main,HIT,static,/residential,allstar-website-ggyl7caum-joe-cusics-projects.vercel.app,allstar-website-ggyl7caum-joe-cusics-projects.vercel.app,dpl_3NJcNUAYGKtDatBhb2ZkFoNECMvb,162,cle1,,,,prj_LxLh401DeFc3l3bpj7FJERcTUl0a,,,,,
2026-03-19 14:46:23,1773931583835,allstar-website-ggyl7caum-joe-cusics-projects.vercel.app/termite-services,GET,_rsc=19zvn,304,6p5tt-1773931583835-56b342cc00d1,"Mozilla/5.0 (Windows NT 10.0; Win64; x64) AppleWebKit/537.36 (KHTML, like Gecko) Chrome/146.0.0.0 Safari/537.36",,production,main,HIT,static,/termite-services,allstar-website-ggyl7caum-joe-cusics-projects.vercel.app,allstar-website-ggyl7caum-joe-cusics-projects.vercel.app,dpl_3NJcNUAYGKtDatBhb2ZkFoNECMvb,194,cle1,,,,prj_LxLh401DeFc3l3bpj7FJERcTUl0a,,,,,
2026-03-19 14:46:23,1773931583835,allstar-website-ggyl7caum-joe-cusics-projects.vercel.app/pests,GET,_rsc=19zvn,304,2llzf-1773931583835-bb3fd78d510f,"Mozilla/5.0 (Windows NT 10.0; Win64; x64) AppleWebKit/537.36 (KHTML, like Gecko) Chrome/146.0.0.0 Safari/537.36",,production,main,HIT,static,/pests,allstar-website-ggyl7caum-joe-cusics-projects.vercel.app,allstar-website-ggyl7caum-joe-cusics-projects.vercel.app,dpl_3NJcNUAYGKtDatBhb2ZkFoNECMvb,88,cle1,,,,prj_LxLh401DeFc3l3bpj7FJERcTUl0a,,,,,
2026-03-19 14:46:23,1773931583050,allstar-website-ggyl7caum-joe-cusics-projects.vercel.app/,GET,,200,96cxs-1773931583050-49b0734a5663,"Mozilla/5.0 (Windows NT 10.0; Win64; x64) AppleWebKit/537.36 (KHTML, like Gecko) Chrome/146.0.0.0 Safari/537.36",,production,main,HIT,static,/,allstar-website-ggyl7caum-joe-cusics-projects.vercel.app,allstar-website-ggyl7caum-joe-cusics-projects.vercel.app,dpl_3NJcNUAYGKtDatBhb2ZkFoNECMvb,,cle1,,,,prj_LxLh401DeFc3l3bpj7FJERcTUl0a,,,,,
2026-03-19 14:41:51,1773931311237,www.allstarpestkc.com/pests/garden-spider,GET,,200,fkmjj-1773931311237-895c9df97600,"Mozilla/5.0 (Windows NT 6.1; WOW64) AppleWebKit/537.36 (KHTML, like Gecko) Chrome/63.0.3239.132 AOL/11.0 AOLBUILD/11.0.1839 Safari/537.36",,production,main,HIT,static,/pests/garden-spider,www.allstarpestkc.com,allstar-website-ggyl7caum-joe-cusics-projects.vercel.app,dpl_3NJcNUAYGKtDatBhb2ZkFoNECMvb,573,hkg1,,,,prj_LxLh401DeFc3l3bpj7FJERcTUl0a,,,,,
2026-03-19 14:36:09,1773930969813,allstarpestkc.com/pests/cicada-killer,GET,,304,rj4r8-1773930969813-b7a246cd33e5,Mozilla/5.0 (compatible; AhrefsBot/7.0; +http://ahrefs.com/robot/),,production,main,HIT,static,/pests/cicada-killer,allstarpestkc.com,allstar-website-ggyl7caum-joe-cusics-projects.vercel.app,dpl_3NJcNUAYGKtDatBhb2ZkFoNECMvb,254,yul1,,,,prj_LxLh401DeFc3l3bpj7FJERcTUl0a,,,,,
